<?xml version="1.0" encoding="UTF-8"?>
<rss version="2.0" xmlns:ror="http://rorweb.com/0.1/" >
<channel>
  <title>ROR Sitemap for https://www.maplecloudtechnologies.com/</title>
  <link>https://www.maplecloudtechnologies.com/</link>

<item>
     <link>https://www.maplecloudtechnologies.com/</link>
     <title>Cyber Security | VAPT Services | Compliance Services | SOC services | MapleCloud  Technologies</title>
     <description>Best Cyber Security Services provider cybersecurity solutions and risk assessment services to prevent cyber attacks and meet compliance objectives.</description>
     <ror:updatePeriod></ror:updatePeriod>
     <ror:sortOrder>0</ror:sortOrder>
     <ror:resourceOf>sitemap</ror:resourceOf>
</item>
<item>
     <link>https://www.maplecloudtechnologies.com/index.html</link>
     <title>Cyber Security | VAPT Services | Compliance Services | SOC services | MapleCloud  Technologies</title>
     <description>Best Cyber Security Services provider cybersecurity solutions and risk assessment services to prevent cyber attacks and meet compliance objectives.</description>
     <ror:updatePeriod></ror:updatePeriod>
     <ror:sortOrder>1</ror:sortOrder>
     <ror:resourceOf>sitemap</ror:resourceOf>
</item>
<item>
     <link>https://www.maplecloudtechnologies.com/authentication.html</link>
     <title>maplecloudtechnologies | Partner Registration</title>
     <description>Cysec</description>
     <ror:updatePeriod></ror:updatePeriod>
     <ror:sortOrder>1</ror:sortOrder>
     <ror:resourceOf>sitemap</ror:resourceOf>
</item>
<item>
     <link>https://www.maplecloudtechnologies.com/about-us.html</link>
     <title>About MapleCloud Technologies | Cyber Security Services</title>
     <description>Cysec</description>
     <ror:updatePeriod></ror:updatePeriod>
     <ror:sortOrder>1</ror:sortOrder>
     <ror:resourceOf>sitemap</ror:resourceOf>
</item>
<item>
     <link>https://www.maplecloudtechnologies.com/products.html</link>
     <title>MCT Products | Maplecloud Technologies</title>
     <description>Cysec</description>
     <ror:updatePeriod></ror:updatePeriod>
     <ror:sortOrder>1</ror:sortOrder>
     <ror:resourceOf>sitemap</ror:resourceOf>
</item>
<item>
     <link>https://www.maplecloudtechnologies.com/services.html</link>
     <title>MCT Products | Maplecloud Technologies</title>
     <description>Cysec</description>
     <ror:updatePeriod></ror:updatePeriod>
     <ror:sortOrder>1</ror:sortOrder>
     <ror:resourceOf>sitemap</ror:resourceOf>
</item>
<item>
     <link>https://www.maplecloudtechnologies.com/blogs-3.html</link>
     <title>Cyebr Security Blogs | MapleCloud Technologies</title>
     <description>Cysec</description>
     <ror:updatePeriod></ror:updatePeriod>
     <ror:sortOrder>1</ror:sortOrder>
     <ror:resourceOf>sitemap</ror:resourceOf>
</item>
<item>
     <link>https://www.maplecloudtechnologies.com/contact-us.html</link>
     <title>Cysec - Cyber Security Company HTML Template</title>
     <description>Cysec</description>
     <ror:updatePeriod></ror:updatePeriod>
     <ror:sortOrder>1</ror:sortOrder>
     <ror:resourceOf>sitemap</ror:resourceOf>
</item>
<item>
     <link>https://www.maplecloudtechnologies.com/assets/Company%20Profile%20V.2.pdf</link>
     <title></title>
     
     <ror:updatePeriod></ror:updatePeriod>
     <ror:sortOrder>1</ror:sortOrder>
     <ror:resourceOf>sitemap</ror:resourceOf>
</item>
<item>
     <link>https://www.maplecloudtechnologies.com/cloud.html</link>
     <title>MapleCloud - Cyber Security Company </title>
     <description>Cysec</description>
     <ror:updatePeriod></ror:updatePeriod>
     <ror:sortOrder>1</ror:sortOrder>
     <ror:resourceOf>sitemap</ror:resourceOf>
</item>
<item>
     <link>https://www.maplecloudtechnologies.com/datacenter.html</link>
     <title>MapleCloud - Cyber Security Company </title>
     <description>Cysec</description>
     <ror:updatePeriod></ror:updatePeriod>
     <ror:sortOrder>1</ror:sortOrder>
     <ror:resourceOf>sitemap</ror:resourceOf>
</item>
<item>
     <link>https://www.maplecloudtechnologies.com/enterpise_network.html</link>
     <title>MapleCloud - Cyber Security Company </title>
     <description>Cysec</description>
     <ror:updatePeriod></ror:updatePeriod>
     <ror:sortOrder>1</ror:sortOrder>
     <ror:resourceOf>sitemap</ror:resourceOf>
</item>
<item>
     <link>https://www.maplecloudtechnologies.com/managedservices.html</link>
     <title>MapleCloud - Cyber Security Company </title>
     <description>Cysec</description>
     <ror:updatePeriod></ror:updatePeriod>
     <ror:sortOrder>1</ror:sortOrder>
     <ror:resourceOf>sitemap</ror:resourceOf>
</item>
<item>
     <link>https://www.maplecloudtechnologies.com/network_field_op.html</link>
     <title>MapleCloud - Cyber Security Company </title>
     <description>Cysec</description>
     <ror:updatePeriod></ror:updatePeriod>
     <ror:sortOrder>1</ror:sortOrder>
     <ror:resourceOf>sitemap</ror:resourceOf>
</item>
<item>
     <link>https://www.maplecloudtechnologies.com/erpsolution.html</link>
     <title>MapleCloud - Cyber Security Company </title>
     <description>Cysec</description>
     <ror:updatePeriod></ror:updatePeriod>
     <ror:sortOrder>1</ror:sortOrder>
     <ror:resourceOf>sitemap</ror:resourceOf>
</item>
<item>
     <link>https://www.maplecloudtechnologies.com/ictsecyrity.html</link>
     <title>MapleCloud - Cyber Security Company </title>
     <description>Cysec</description>
     <ror:updatePeriod></ror:updatePeriod>
     <ror:sortOrder>1</ror:sortOrder>
     <ror:resourceOf>sitemap</ror:resourceOf>
</item>
<item>
     <link>https://www.maplecloudtechnologies.com/tech-support.html</link>
     <title>MapleCloud - Cyber Security Company </title>
     <description>Cysec</description>
     <ror:updatePeriod></ror:updatePeriod>
     <ror:sortOrder>1</ror:sortOrder>
     <ror:resourceOf>sitemap</ror:resourceOf>
</item>
<item>
     <link>https://www.maplecloudtechnologies.com/nrc.html</link>
     <title>MapleCloud - Cyber Security Company </title>
     <description>Cysec</description>
     <ror:updatePeriod></ror:updatePeriod>
     <ror:sortOrder>1</ror:sortOrder>
     <ror:resourceOf>sitemap</ror:resourceOf>
</item>
<item>
     <link>https://www.maplecloudtechnologies.com/siem.html</link>
     <title> Cyber Security Company  </title>
     <description>Cysec</description>
     <ror:updatePeriod></ror:updatePeriod>
     <ror:sortOrder>1</ror:sortOrder>
     <ror:resourceOf>sitemap</ror:resourceOf>
</item>
<item>
     <link>https://www.maplecloudtechnologies.com/nms.html</link>
     <title>MapleCloud - Cyber Security Company </title>
     <description>Cysec</description>
     <ror:updatePeriod></ror:updatePeriod>
     <ror:sortOrder>1</ror:sortOrder>
     <ror:resourceOf>sitemap</ror:resourceOf>
</item>
<item>
     <link>https://www.maplecloudtechnologies.com/dms.html</link>
     <title>MapleCloud - Cyber Security Company </title>
     <description>Cysec</description>
     <ror:updatePeriod></ror:updatePeriod>
     <ror:sortOrder>1</ror:sortOrder>
     <ror:resourceOf>sitemap</ror:resourceOf>
</item>
<item>
     <link>https://www.maplecloudtechnologies.com/iam.html</link>
     <title>MapleCloud - Cyber Security Company </title>
     <description>Cysec</description>
     <ror:updatePeriod></ror:updatePeriod>
     <ror:sortOrder>1</ror:sortOrder>
     <ror:resourceOf>sitemap</ror:resourceOf>
</item>
<item>
     <link>https://www.maplecloudtechnologies.com/emailgateway.html</link>
     <title>MapleCloud - Cyber Security Company </title>
     <description>Cysec</description>
     <ror:updatePeriod></ror:updatePeriod>
     <ror:sortOrder>1</ror:sortOrder>
     <ror:resourceOf>sitemap</ror:resourceOf>
</item>
<item>
     <link>https://www.maplecloudtechnologies.com/rim.html</link>
     <title>MapleCloud - Cyber Security Company </title>
     <description>Cysec</description>
     <ror:updatePeriod></ror:updatePeriod>
     <ror:sortOrder>1</ror:sortOrder>
     <ror:resourceOf>sitemap</ror:resourceOf>
</item>
<item>
     <link>https://www.maplecloudtechnologies.com/ncms.html</link>
     <title>MapleCloud - Cyber Security Company </title>
     <description>Cysec</description>
     <ror:updatePeriod></ror:updatePeriod>
     <ror:sortOrder>1</ror:sortOrder>
     <ror:resourceOf>sitemap</ror:resourceOf>
</item>
<item>
     <link>https://www.maplecloudtechnologies.com/assets//images/siem/SIEM%20PPT%20v2.0.pdf</link>
     <title></title>
     
     <ror:updatePeriod></ror:updatePeriod>
     <ror:sortOrder>2</ror:sortOrder>
     <ror:resourceOf>sitemap</ror:resourceOf>
</item>
<item>
     <link>https://www.maplecloudtechnologies.com/assets//images/nms/MCT%20NMS%20V2.0.pdf</link>
     <title></title>
     
     <ror:updatePeriod></ror:updatePeriod>
     <ror:sortOrder>2</ror:sortOrder>
     <ror:resourceOf>sitemap</ror:resourceOf>
</item>
<item>
     <link>https://www.maplecloudtechnologies.com/assets//images/dms/MCT%20DMS.pdf</link>
     <title></title>
     
     <ror:updatePeriod></ror:updatePeriod>
     <ror:sortOrder>2</ror:sortOrder>
     <ror:resourceOf>sitemap</ror:resourceOf>
</item>
<item>
     <link>https://www.maplecloudtechnologies.com/assets//images/IAM/IAM%20-%20PPT%20v3.0.pdf</link>
     <title></title>
     
     <ror:updatePeriod></ror:updatePeriod>
     <ror:sortOrder>2</ror:sortOrder>
     <ror:resourceOf>sitemap</ror:resourceOf>
</item>
<item>
     <link>https://www.maplecloudtechnologies.com/assets//images/emailgateway/email.pdf</link>
     <title></title>
     
     <ror:updatePeriod></ror:updatePeriod>
     <ror:sortOrder>2</ror:sortOrder>
     <ror:resourceOf>sitemap</ror:resourceOf>
</item>
<item>
     <link>https://www.maplecloudtechnologies.com/assets//images/rim/rim_(version2.9).pdf</link>
     <title></title>
     
     <ror:updatePeriod></ror:updatePeriod>
     <ror:sortOrder>2</ror:sortOrder>
     <ror:resourceOf>sitemap</ror:resourceOf>
</item>
<item>
     <link>https://www.maplecloudtechnologies.com/assets//images/ncms/Network%20Configuration%20Management.pdf</link>
     <title></title>
     
     <ror:updatePeriod></ror:updatePeriod>
     <ror:sortOrder>2</ror:sortOrder>
     <ror:resourceOf>sitemap</ror:resourceOf>
</item>
</channel>
</rss>
  